id	text
"2"	"Watchdog Says Usps Violated This Major Law When Employees Did This Horrible  (pls RT‚Ü∫‚ù§Ô∏è) Ô∏èÔ∏è https://t.co/HLHqtSXAhz #"
"3"	"@realDonaldTrump It's time to get rid of our Failing USPS ! https://t.co/H54lAw62Zq"
"4"	"You heard 'em! Don't forget to follow #FedExCares today for all your @DennyHamlin updates from @IMS! https://t.co/iGmFuDRJta"
"5"	"https://t.co/xoGhOiz3Zf #FedEx under pressure as #Boycott takes hold #NYSE #FDX Stop the #SharkFin Trade #OpFunKil"
"6"	"@AmazonHelp It was purchased Friday with the two-day shipping for Sunday but when I went to track it on the carrier‚Ä¶ https://t.co/M9t3kOeayR"
"7"	"Breaking: USPS Broke The Law During 2016 Election - New Report https://t.co/b94HH1cb5U #YouTube #TheNextNewsNetwork"
"8"	"RT @FedEx: The #FedEx11 car‚Äôs design was the inspiration of 22-year #FedEx team member Rachee, an active #FedExCares supporter‚Ä¶ "
"9"	"FedEx pisses me off so bad"
"10"	"Beans zine #2 hurray for Sunday mail delivery. Thank you USPS. @ Myosho-ji Buddhist Temple https://t.co/uwG5SFRoiO"
"11"	"RT @harjo111: @DonnaWR8 @DebAlwaystrump Apparently everyone interfered.  Obama, USPS, UKRAINE, ILLEGALS, DEAD PEOPLE.  yet with a‚Ä¶ "
"12"	"RT @FedEx: ICYMI: We had 75 team members help us unveil @DennyHamlin‚Äôs special #FedEx Cares paint scheme on Friday. https://t.co/syFff2jUJu"
"14"	"@JosephDeGolyer Are you contracted out or are you a legit Fedex driver?"
"15"	"FedEx Warns #NotPetya Will Negatively Affect Profits https://t.co/0svZc46fwc Use next gen app whitelisting‚Ä¶ https://t.co/4yuxu3lCY7"
"16"	"@rodneyhopper2 @lids @UPSHelp @UPS @USPS @USPSHelp Wow that sucks! üòï"
"17"	"@karriebabyy_ @amazon They better hope. Who delivers yours? USPS?"
"19"	"$300,000 donated by FEDEX of ATLANTA GA on 1/20/2017"
"20"	"I think everyone likes FedEx rather than UPS."
"21"	"@McDonalds @USPS @USPISRunning ...Yeah! I kicked out of my APT409 my Nephew ""Anthony Mosely"" on 01/20/16; and he ai‚Ä¶ https://t.co/YnwClC9P23"
"22"	"@Priceorelli @JournalVelo No, it's like disproving the myth that Indurain's team were as dominant as Sky - fact is‚Ä¶ https://t.co/1iprpuijmP"
"23"	"I guess this week decides if I am staying with Fedex or looking for a job with benefits. Cause I need new health insurance. And glasses lol"
"24"	"RT @HypocrisyHater1: @NBC @ABC @CBS @NPR #MSM you all missed a big story this week. #love how inept you are. https://t.co/q153IfzCYu #SatCh‚Ä¶"
"27"	"@sean_sheffy @himynameisRajan Now find out why the USPS cars have the steering wheel on the  passenger side"
"28"	"Taxpayers footed OT pay: Hillary‚Äôs ILLEGAL campaign...@USPS colluded w/union 2 violate Hatch Act...https://t.co/cfhe7q11ej @ReadTheHornNews"
"29"	"@AmazonHelp Thank you for contacting me, my actual name is Morgan. :) This time it was to be delivered by Usps."
"30"	"@Priceorelli @JournalVelo and constructed the team - Indurain, Hinault, Anquetil did their own work Froome and Sky‚Ä¶ https://t.co/DCgHVFo2jd"
"31"	"@ohmy_dominique Have you had the chance to reach out to USPS about the delivery: https://t.co/CncSA9Kng5? ^VS"
"34"	"@FedEx @FedExHelp Your delivery person didn't show up at the door, but updated the status that customer not available."
"35"	"@LuLaRoe claims 14 days. They also throw @USPS under the bus bc LLR refuses to accept responsibility. Right,‚Ä¶ https://t.co/QHKen8JcOk"
"36"	"@McDonalds @USPS @USPISRunning ...#BlackTrashHouseNIGGERS-@NAACP;@ACLU;@NationalSCLC;Etc.#NIGG-Groups:‚Ä¶ https://t.co/3C1BukkNUe"
"37"	"RT @BillStankiewicz: FedEx, XPO, DHL Supply Chain &amp; Global Forwarding, Kuehne + Nagel, Nippon Express, AMAZON GROWTH CONTINUES, by BILL S‚Ä¶h‚Ä¶"
"38"	"@AmazonHelp When the usps truck arrived at my house they said my package was supposed to be there but it wasn't, th‚Ä¶ https://t.co/W2T3QRWpI1"
"39"	"RT @OhSoKaity: @USPS @USPShelp - what's your turnaround for first class mail? @lularoe #refundsforalllularoe #lularoe #cutthechecks #makego‚Ä¶"
"40"	"Watchdog Says USPS Violated this MAJOR LAW when Employees did this HORRIBLE THING https://t.co/27YJJqVA0C"
"41"	"RT @MrsMwariri: #becauseoflualroe #RefundsForAllLuLaRoe https://t.co/KzCpfMOLzO"
"42"	"7.23 MSN: ""Companies that used to have completely different names"" Apple Inc vs. Apple Computers. FedEx vs Federal Express. Shocking stuff!"
"43"	"RT @OhSoKaity: @USPS how do you feel about @LuLaRoe accusing you of dumping all of the checks they mailed first class on 7/5?‚Ä¶ "
"44"	"RT @OhSoKaity: @USPS @USPShelp - what's your turnaround for first class mail? @lularoe #refundsforalllularoe #lularoe #cutthechecks #makego‚Ä¶"
"45"	"@McDonalds @USPS @USPISRunning @NAACP @ACLU @NationalSCLC ...Just die right now""11:43a.-07/23/17"" all liars lying a‚Ä¶ https://t.co/7imIpqE5Wd"
"46"	"RT @MrsMwariri: #becauseoflualroe #RefundsForAllLuLaRoe https://t.co/KzCpfMOLzO"
"47"	"RT @OhSoKaity: @USPS how do you feel about @LuLaRoe accusing you of dumping all of the checks they mailed first class on 7/5?‚Ä¶ "
"48"	"RT @iJoshMachine: The King @rogerfederer. Act3.Stg2. Champion as always. The year of #Fedex continues. #Wimbeldon #RogerFederer #GOAT #Fede‚Ä¶"
"50"	"RT @ZachBrady7: @FedEx sucks https://t.co/djHuQTAtq8"
"53"	"I'm at USPS - Seal Beach in Seal Beach, CA https://t.co/S2sRhvbDDH"
"54"	"RT @FedEx: .@dennyhamlin's special #FedEx11 paint scheme makes its debut at @IMS today for the #Brickyard400! Follow‚Ä¶ "
"55"	"RT @MrsMwariri: #becauseoflualroe #RefundsForAllLuLaRoe https://t.co/KzCpfMOLzO"
"56"	"RT @jillywilly7185: @USPS @USPSHelp the company @LuLaRoe is saying y'all are committing crimes in mail tampering when speaking to customer‚Ä¶"
"57"	"USPS Financially Imploding As New Political Scandal Emerges https://t.co/3NMDg6BXVT These people have Las Vegas Meetings! #DrainTheSwamp"
"58"	"RT @FedEx: ICYMI: We had 75 team members help us unveil @DennyHamlin‚Äôs special #FedEx Cares paint scheme on Friday. https://t.co/syFff2jUJu"
"60"	".@dennyhamlin will start 5th in the #FedExCares ride. Tune in to @NASCARonNBC for all the #Brickyard400 action, sta‚Ä¶ https://t.co/BLBO6ll5r8"
"61"	"@snuggberries Hi Jenn, this is Sean. All FedEx shipping services are closed on Sunday, so your package will not be delivered today."
"62"	"RT @FedEx: Here it is! @DennyHamlin‚Äôs special #FedEx11 #FedExCares ride for Sunday‚Äôs #Brickyard400 at @IMS. https://t.co/8A7coSKPkE"
"63"	"Gotta love ‚Äúguaranteed delivery July 23‚Äù when usps says it won‚Äôt get here until tomorrow. üñïüèª @amazon @AmazonHelp https://t.co/S6yYANExel"
"64"	"Ready to kiss those bricks!!! üíï https://t.co/AtQpsojfNI"
"65"	"RT @FedEx: The #FedEx11 car‚Äôs design was the inspiration of 22-year #FedEx team member Rachee, an active #FedExCares supporter‚Ä¶ "
"66"	"dhl are taking the piss"
"67"	"RT @DFSWest: We officially launched #TheCareerHub tonight at #DFSwest! This online library of resources made possible by @FedEx‚Ä¶ "
"68"	"USPS Financially Imploding As New Political Scandal Emerges https://t.co/3NMDg6BXVT These people have Las Vegas Shindigs! #DrainTheSwamp"
"69"	"RT @CBCAlerts: BREAKING: FedEx closing all its retail office stores in Canada; 214 employees have been given notice for Aug. 18: https://t.‚Ä¶"
"70"	"@McDonalds @USPS @USPISRunning @NAACP @ACLU @NationalSCLC @WhiteHouse @POTUS @VP @FBI @CIA @DHSgov Ur ""Islam/Muslim‚Ä¶ https://t.co/KH70WEpRap"
"71"	"Uh-Oh: @USPS Broke The Law When They Allowed Employees ToWork For Hillary's Campaign https://t.co/uEIYoNrmSX PROSECUTE THEM, @USAGSessions!"
"72"	"RT @swrobb: My wife had a horrible experience with UPS Today they just blamed the UPS Store ( A franchise ). Future FedEx Customer @violett‚Ä¶"
"74"	"Even the FedEx store can't keep copy machines working"
"75"	"WCstamps: $490.00 Face Value - 1,000 USPS Flag Forever Stamps Lot#073 https://t.co/c5pUhzkZcr #stamps #deals"
"77"	"@Google launches appliance to upload #data by  @FedEx https://t.co/fEQSrBTK0F"
"79"	"RT @FedEx: Here it is! @DennyHamlin‚Äôs special #FedEx11 #FedExCares ride for Sunday‚Äôs #Brickyard400 at @IMS. https://t.co/8A7coSKPkE"
"80"	"Stamp Collection- Majestic Stamp Album + USPS 1980 Commemorative Set + Loose  https://t.co/Fl5dGYvJgm"
"82"	"@USPS for all the marketing you do, you your service is awful, i have AMAZON PRIME,  MAY DROP IT IF YOUR THE SHIPPING COMPANY, UNRELIABILITY"
"83"	"Meanwhile, just saw USPS delivering mail. On Sunday. This is not your father's America. https://t.co/pOlNtw0lm5"
"84"	"RT @FedEx: ICYMI: We had 75 team members help us unveil @DennyHamlin‚Äôs special #FedEx Cares paint scheme on Friday. https://t.co/syFff2jUJu"
"85"	"RT @FedEx: The #FedEx11 car‚Äôs design was the inspiration of 22-year #FedEx team member Rachee, an active #FedExCares supporter‚Ä¶ "
"88"	"The Post Office Delivered for Hillary  . https://t.co/ymCCPYAHS7 OSC Says The USPS ‚ÄúEngaged In Systemic Violations‚Äù of the Hatch Act"
"89"	"@FedEx That's beautiful.  Do you think you cold talk Lionel into making a diecast like that?"
"92"	"@AmazonHelp It's not Amazon's fault, but yes, way past the delivery date. USPS can't seem to figure out why the pac‚Ä¶ https://t.co/Xxuoj2vGrH"
"94"	"Best Vines for #FEDEX (/FedEx) Compilation ‚Ü∫RT‚ù§: https://t.co/Dpy5RSFqA5 #NOTABADTHING #FEDEXCUP #CROSSOVER #FEDEX #FEDEX"
"95"	"#FEDEX (/FedEx) Best Vines Compilation and Favorite Revines ‚Ü∫RT‚ù§: https://t.co/IbMugGXBFH #NASCAR #FEDEX #THANKSGIVING"
"96"	"duration..its about a FedEx executive who become the only survivor during the plane crash at the pacific ocean and being swept away to"
"98"	"FedEx Leverages #Customer #Retention Into Customer #Aquisition Through New Offerings https://t.co/P1hFOARHCl https://t.co/3zZqao1okC"
"100"	"Dear @USPS I ordered a special gift for today and paid for shipping to arrive today &amp; tracking says it's in my town but won't be out til Mon"
"101"	"DHL couldn't or was AFRAID to find corrupt ex-prime minister Gruevski of Macedonia to deliver suit? Comment&gt; @DeutschePostDHL ? Horrible PR."
"102"	"RT @sjh2222: USPS Financially Imploding As New Political Scandal Emerges https://t.co/3NMDg6BXVT These people have Las Vegas Meetings! #Dra‚Ä¶"
"103"	"@Nordstrom Just ordered 2 items. One shipped FedEx the other OnTrac. Why? OnTrac sucks &amp; I won't ever see it. Just lost a customer."
"104"	"@USPS @USPS  I am furious. Please tell me there is something that can be done to get this today?! My gift is just s‚Ä¶ https://t.co/OKUxuGvxjX"
"105"	"WCstamps: $490.00 Face Value - 1,000 USPS Flag Forever Stamps Lot#073 https://t.co/zyue4OCUtY"
"106"	"RT @Brilliant_Ads: DHL teases its rivals... Awesome! https://t.co/GZhlusniXZ"
"107"	"When driving around the Midwest, only ""we're hiring"" signs I see are McDonalds, FedEx or warehouse jobs. #EconomyToday"
"108"	"he doesnt want to feel alone thereso he make a 'friend', made up from a volleyball which is also swept away in a FedEx parcel"
"109"	"Finally got around to hanging these up #batman #tmnt #stamps #mrmauro #nyc #sdcc #usps #postage‚Ä¶ https://t.co/BN6hj0P5M0"
"110"	"Why does one analyst believe @USPS is giving @amazon ""a gift card from #UncleSam?"" https://t.co/Bhd7dfCST0."
"112"	"How Amazon, FedEx, and Justin Bieber succeeded by trying things that 'Didn't Work' for their respective industries https://t.co/U0GMedcU8S"
"113"	"RT @FedEx: Here it is! @DennyHamlin‚Äôs special #FedEx11 #FedExCares ride for Sunday‚Äôs #Brickyard400 at @IMS. https://t.co/8A7coSKPkE"
"114"	"RT @sjh2222: USPS Financially Imploding As New Political Scandal Emerges https://t.co/3NMDg6BXVT These people have Las Vegas Meetings! #Dra‚Ä¶"
"115"	"Stop @FedEx from shipping shark fins üõëü¶à https://t.co/nMbVunxX04 #SharkWeek #sharkfinning"
"116"	"RT @lifestyle_oc: Stop @FedEx from shipping shark fins üõëü¶à https://t.co/nMbVunxX04 #SharkWeek #sharkfinning"
"117"	"RT @lifestyle_oc: Stop @FedEx from shipping shark fins üõëü¶à https://t.co/nMbVunxX04 #SharkWeek #sharkfinning"
"118"	"RT @davidmolnar10: Win a match worn jersey - FC Bayern Audi Summer Tour 2016 https://t.co/uY96dnOJUn"
"119"	"Call it fedex how we Package It"
"120"	"The latest Syndicaliste, le Journal! https://t.co/GguTRVOnhf Thanks to @SgenPicardie @_AlexandreLeroy @marielepretre #syndicat #usps"
"122"	"RT @OhSoKaity: @USPS how do you feel about @LuLaRoe accusing you of dumping all of the checks they mailed first class on 7/5?‚Ä¶ "
"124"	"RT @Springboks: The last time @THESTORMERS played @ChiefsRugby at DHL Newlands, we had some magic from the home side. More Today?‚Ä¶ "
"125"	"RT @FedEx: .@dennyhamlin will start 5th in the #FedExCares ride. Tune in to @NASCARonNBC for all the #Brickyard400 action, sta‚Ä¶ "
"126"	"@Scooterocket @AngelCIraq214 @FedEx @RepDonBeyer @HillaryClinton @BarackObama @VA8thCDDems @lowkell @timkaine‚Ä¶ https://t.co/SFXnPbtlc5"
"127"	"#FDX #NYSE #FedEx support extinction and cruelty. Please #BoycottFedEx https://t.co/OLMHA377Bq #OpFunKill"
"128"	"Im not surprised, ever since i started working at FedEx I realized that people are lazy and would buy anything onli‚Ä¶ https://t.co/TJYAQ9zsTn"
"129"	"RT @mediacules: #ICC2017 | FedEx Field | FC Barcelona vs Manchester United | Kamis, 27 Juli 2017 | Pkl. 06:30 WIB | LIVE Streaming"
"130"	"RT @swrobb: My wife had a horrible experience with UPS Today they just blamed the UPS Store ( A franchise ). Future FedEx Customer @violett‚Ä¶"
"131"	"@AmazonHelp Seems to be happening to a lot of people on sundays because you use USPS. Get a new carrier for Sundays. üñïüèª"
"132"	"@CRacioppo89 @TwSpot DJ missed 3 cuts all year so far and Rory has 3 in 4 events. DJ #1 in FedEx Cup.....Rory, 75th LOLOL"
"133"	"RT @OrcaOnIceSkates: #FDX #NYSE #FedEx support extinction and cruelty. Please #BoycottFedEx https://t.co/OLMHA377Bq #OpFunKill"
"134"	"RT @mediacules: #ICC2017 | FedEx Field | FC Barcelona vs Manchester United | Kamis, 27 Juli 2017 | Pkl. 06:30 WIB | LIVE Streaming"
"135"	"RT @PaulBorisVuzix: @VUTHEFUTURE 3 of 3 Perhaps email the journalist and ask the them which DHL exec (authorized to make that claim) pr‚Ä¶ "
"136"	"USPS makes me wanna kms"
"137"	"RT @CityMessiah: DHL ROLLOUT UNDERWAY $VUZI Vuzix https://t.co/49TqPsvzEH"
"138"	"@ShouqAlmasoud FedEx me one plz"
"139"	"RT @LouDobbs: USPS workers break election laws to help Corrupt Clinton. No outrage from Dimms! @GreggJarrett Joins #Dobbs FBN7p #MAGA #Trum‚Ä¶"
"140"	"...some truly different USPs. Having said that, always hard to do at a hackathon. As long as teams enjoy themselves / learn, it's fun! üôÇ"
"142"	"Using iPhone 6 case on an iPhone 7 cause @USPS didn't deliver my package on time."
"143"	"@POTUS45 @GeneralMattis clonzapam911 via @FedEx SAME DAY THANKS üôèüèª"
"144"	"@McDonalds @USPS @USPISRunning @NAACP @ACLU @NationalSCLC ...@WhiteHouse @POTUS @VP @DHSgov @FBI-DIR @CIA-DCI‚Ä¶ https://t.co/NNeFHzxJrs"
"145"	"RT @Ben1NOT2BFORGOT: @POTUS45 @GeneralMattis clonzapam911 via @FedEx SAME DAY THANKS üôèüèª"
"146"	"@calexandernso7 @SenDuckworth let me help you ""The OSC determined the USPS ""engaged in systemic violations"" of the Hatch Act""  your welcome"
"147"	"Mail thieves in Central Texas are working harder than usual this summer https://t.co/BkjesKD4J3 #USPS https://t.co/3qmDfhKBIm"
"148"	"My plug he a redneck I get them pounds in shout out FedEx"
"150"	"@MattyFranklyn I'm so confused then because the tracking says it's shipping by USPS"
"151"	"Can someone stop Manjerakar from commenting when India plays. He s like vijay amitraj of tennis when fedex plays"
"152"	"when your amazon package is delivered by the @USPS to a completely different city/county. WHY? HOW? i don't understand."
"153"	"Xmas #GiftCard #Gift Hyatt hotel $500 dollar Gift Card Free (USPS) delivery.. https://t.co/lKxDJjTMxE #GiftCards‚Ä¶ https://t.co/KwVG5I130e"
"155"	"when your amazon package is delivered by the @USPS to a completely different city/county. WHY? HOW? i don't understand. @USPSHelp"
"157"	"@Ben1NOT2BFORGOT @potus45 @GeneralMattis @FedEx https://t.co/ep3QSDsIJH"
"158"	"RT @USPSreform: Mail thieves in Central Texas are working harder than usual this summer https://t.co/BkjesKD4J3 #USPS https://t.co/3qmDfhKB‚Ä¶"
"159"	"@Scooterocket @AngelCIraq214 @FedEx @RepDonBeyer @HillaryClinton @BarackObama @VA8thCDDems @lowkell @timkaine‚Ä¶ https://t.co/YuVqhgOFo2"
"161"	"when your amazon package is delivered by the @USPS to a completely different city/county. WHY? HOW? i don't underst‚Ä¶ https://t.co/3LjBqOQYho"
"162"	"@MREConsulting Can you please send me a photo message or a email message Email us at https://t.co/qYKXw6JmHf"
"163"	"RT @USPSreform: Mail thieves in Central Texas are working harder than usual this summer https://t.co/BkjesKD4J3 #USPS https://t.co/3qmDfhKB‚Ä¶"
"165"	"@cortland   The FedEx Office team hours are Monday-Friday, 7:00 AM-8:30 PM CT, and Saturday, 7:00 AM-6:00 PM CT."
"170"	"With Fedex adress barcode.. how much change worlds."
"171"	"@moi_artiste @HartoshSinghBal congrats..now can we fedex you  2 your paramveer chakras on bravery of FOE"
"172"	"RT @harjo111: @DonnaWR8 @DebAlwaystrump Apparently everyone interfered.  Obama, USPS, UKRAINE, ILLEGALS, DEAD PEOPLE.  yet with a‚Ä¶ "
"174"	"@cortland  For immediate assistance, call https://t.co/4ex8dld5IZ (1.800.463.3339)."
"175"	"RT @FedEx: .@dennyhamlin's special #FedEx11 paint scheme makes its debut at @IMS today for the #Brickyard400! Follow‚Ä¶ "
"177"	"RT @FedEx: ICYMI: We had 75 team members help us unveil @DennyHamlin‚Äôs special #FedEx Cares paint scheme on Friday. https://t.co/syFff2jUJu"
"178"	"Y'all are so unreliable  @USPS"
"179"	"RT @FedEx: The #FedEx11 car‚Äôs design was the inspiration of 22-year #FedEx team member Rachee, an active #FedExCares supporter‚Ä¶ "
"180"	"RT @FedEx: .@dennyhamlin will start 5th in the #FedExCares ride. Tune in to @NASCARonNBC for all the #Brickyard400 action, sta‚Ä¶ "
"181"	"@AmazonHelp Already cancelled.  Your drivers claim packages undeliverable when UPS, USPS do just fine."
"182"	"I have the worst luck with @USPS @FedEx and @UPS in this city! ""An attempt was made..."" yeah right! You drove by and it looked empty! üñïüèº"
"183"	"There needs to be a browser plugin that lets you know before you buy if your item is going to be shipped by USPS. So you can just not."
"184"	"DHL 757 inbound LHR with winglets, first one i believe to have come in."
"185"	"@AmazonHelp On Amazon, it says the package was delivered on July 11, but it wasn't. When you track the package on USPS, it says in transit."
"186"	"@USPS I received an electronic notification that an USPS staff left a notice due unsecured location. I did not received it on my door"
"188"	"@ChaplinJamie A man whose won 2 majors and FedEx cup ...only human üò£üò•"
"190"	"@USPS Another package was suppose to arrived Thursday but it has been in limbo for 2 days at the post office."
"191"	"Fedex Team Driver Class A (Fort Worth/Dallas) https://t.co/Ua1xQjdAoG #Dallas #Jobs"
"192"	"The FedEx place would be in the plaza. I can't resist a good saleüòÖüòÖ"
"195"	"@Scooterocket @AngelCIraq214 @FedEx @RepDonBeyer @HillaryClinton @BarackObama @VA8thCDDems @lowkell @timkaine‚Ä¶ https://t.co/TtIGDPi0KG"
"196"	"UPS at it again! This time they really got clever üòé #postal #usps #ups #funny postal_plus‚Ä¶ https://t.co/bBr2o3f6Go"
"197"	"RT @ToyotaRacing: Tuning up the power üí™. https://t.co/WrAJAAIOUM"
"198"	"@FedEx @FedExHelp why do you all have authorized shippers and then not talk to them about your fuck up?!? Seriously? Send the damn pkg!"
"199"	"RT @mininiii: Someone just walked into DHL to also for the nearest FedEx office. I wonder what he was thinking."
"200"	"Adinuku Dhl N Pblmku Tam In Androany Iny A..."
"202"	"RT @SixBrownChicks: Knock HARD UPS and FedEx!Selima needs her wigs dammit! üòÇüòÇüòÇ https://t.co/Rvsuuwcl61"
"203"	"@Scooterocket @AngelCIraq214 @FedEx @RepDonBeyer @HillaryClinton @BarackObama @VA8thCDDems @lowkell @timkaine‚Ä¶ https://t.co/eQu8sm7gDY"
"204"	"FedEx fucked up my shipping number on my package so now idk what to do ):"
"205"	"When you forget what you learned in elementary english. https://t.co/BiRG2J5pMh"
"206"	"@Scooterocket @AngelCIraq214 @FedEx @RepDonBeyer @HillaryClinton @BarackObama @VA8thCDDems @lowkell @timkaine‚Ä¶ https://t.co/Zbqnr71Add"
"209"	"What a disappointment. @usps is  delivering my pkgs to an address where no one's there til October to tell them it's the wrong address."
"210"	"Current status: watching a USPS employee throw boxes one by one out of his delivery van onto the street"
"211"	"RT @Lrihendry: Hillary and campaign colluded with USPS to help with her election which is unlawful but Trump administration being investiga‚Ä¶"
"212"	"@FoxNews @KatrinaPierson Interesting how USPS &amp; CNN obstructed our election &amp; no outrage. U expect our enemies but our own country"
